id_startup,sector,anio_fundacion,capital_inicial_kusd,sigue_viva,valuacion_2024_musd
1,Educacion,2019,608.2,0,0.0
2,Educacion,2019,187.9,0,0.0
3,Salud,2018,154.1,0,0.0
4,Salud,2019,399.3,0,0.0
5,Retail,2018,191.6,1,0.34
6,Retail,2018,140.1,0,0.0
7,Educacion,2018,110.0,0,0.0
8,Fintech,2019,64.0,0,0.0
9,Educacion,2019,72.6,0,0.0
10,Educacion,2018,141.0,0,0.0
11,Logistica,2019,143.4,0,0.0
12,Logistica,2019,281.2,0,0.0
13,Salud,2019,254.0,0,0.0
14,Educacion,2020,233.7,0,0.0
15,Educacion,2019,121.2,0,0.0
16,Educacion,2019,416.4,1,1.25
17,Salud,2018,123.6,0,0.0
18,Educacion,2019,56.1,0,0.0
19,Logistica,2020,109.9,0,0.0
20,Salud,2018,91.0,0,0.0
21,Educacion,2018,283.3,0,0.0
22,Fintech,2020,83.3,0,0.0
23,Logistica,2019,339.7,0,0.0
24,Salud,2018,91.8,0,0.0
25,Logistica,2019,243.8,0,0.0
26,Salud,2019,208.8,0,0.0
27,Fintech,2019,129.0,0,0.0
28,Salud,2019,96.2,1,0.19
29,Salud,2019,76.9,0,0.0
30,Salud,2018,96.2,0,0.0
31,Salud,2018,187.6,0,0.0
32,Fintech,2018,57.9,0,0.0
33,Fintech,2020,242.6,1,0.28
34,Educacion,2020,294.5,0,0.0
35,Retail,2018,358.6,0,0.0
36,Educacion,2020,156.6,0,0.0
37,Fintech,2019,239.5,1,1.69
38,Educacion,2019,382.1,0,0.0
39,Logistica,2020,178.2,0,0.0
40,Fintech,2018,130.5,0,0.0
41,Educacion,2020,171.9,0,0.0
42,Salud,2019,100.6,0,0.0
43,Educacion,2018,341.3,0,0.0
44,Educacion,2019,309.0,0,0.0
45,Salud,2020,119.7,0,0.0
46,Educacion,2018,341.0,0,0.0
47,Educacion,2019,180.1,0,0.0
48,Retail,2018,45.2,0,0.0
49,Logistica,2018,128.7,0,0.0
50,Retail,2018,46.0,0,0.0
51,Logistica,2018,157.9,0,0.0
52,Logistica,2020,99.6,0,0.0
53,Logistica,2018,343.4,0,0.0
54,Educacion,2020,183.4,0,0.0
55,Logistica,2020,329.0,0,0.0
56,Educacion,2018,232.4,0,0.0
57,Fintech,2020,119.4,0,0.0
58,Logistica,2019,389.2,0,0.0
59,Salud,2018,251.4,0,0.0
60,Educacion,2019,167.2,0,0.0
61,Retail,2018,125.9,1,0.23
62,Logistica,2018,422.4,0,0.0
63,Logistica,2018,43.5,0,0.0
64,Logistica,2019,339.7,0,0.0
65,Salud,2019,99.3,0,0.0
66,Educacion,2018,147.1,0,0.0
67,Educacion,2020,115.0,0,0.0
68,Salud,2018,50.9,0,0.0
69,Logistica,2018,150.2,0,0.0
70,Salud,2019,234.3,0,0.0
71,Fintech,2018,186.4,0,0.0
72,Salud,2019,78.5,0,0.0
73,Educacion,2019,250.1,0,0.0
74,Logistica,2019,279.2,0,0.0
75,Educacion,2020,297.1,0,0.0
76,Logistica,2019,222.0,0,0.0
77,Retail,2020,100.3,0,0.0
78,Retail,2020,205.8,0,0.0
79,Fintech,2020,204.4,0,0.0
80,Educacion,2018,83.0,0,0.0
81,Fintech,2020,132.3,1,0.25
82,Salud,2019,58.8,0,0.0
83,Logistica,2020,535.1,0,0.0
84,Logistica,2019,163.4,0,0.0
85,Educacion,2020,178.4,0,0.0
86,Salud,2020,104.5,1,0.21
87,Fintech,2019,231.6,0,0.0
88,Logistica,2020,158.4,0,0.0
89,Educacion,2019,359.4,0,0.0
90,Salud,2019,234.4,0,0.0
91,Fintech,2019,111.9,0,0.0
92,Logistica,2020,108.2,0,0.0
93,Logistica,2019,91.4,0,0.0
94,Logistica,2020,126.7,0,0.0
95,Salud,2018,77.2,0,0.0
96,Fintech,2019,165.0,1,0.4
97,Retail,2020,186.0,0,0.0
98,Fintech,2018,318.7,0,0.0
99,Educacion,2019,309.9,0,0.0
100,Retail,2019,349.8,0,0.0
101,Logistica,2018,270.2,0,0.0
102,Retail,2018,583.2,0,0.0
103,Fintech,2018,58.4,0,0.0
104,Salud,2019,166.5,1,0.2
105,Educacion,2019,430.8,0,0.0
106,Salud,2019,92.8,0,0.0
107,Salud,2020,297.9,0,0.0
108,Educacion,2020,359.8,1,1.49
109,Retail,2020,161.3,0,0.0
110,Fintech,2019,120.5,0,0.0
111,Salud,2020,137.7,0,0.0
112,Fintech,2020,303.9,0,0.0
113,Retail,2020,279.1,1,2.38
114,Retail,2018,422.0,0,0.0
115,Logistica,2020,65.9,0,0.0
116,Retail,2019,298.5,0,0.0
117,Educacion,2020,349.4,0,0.0
118,Retail,2020,223.1,1,0.82
119,Fintech,2019,246.3,0,0.0
120,Fintech,2019,152.5,0,0.0
121,Logistica,2020,145.3,0,0.0
122,Logistica,2020,97.2,0,0.0
123,Educacion,2018,1947.8,0,0.0
124,Salud,2018,271.9,0,0.0
125,Salud,2019,59.4,0,0.0
126,Salud,2020,659.1,1,2.24
127,Retail,2020,293.7,0,0.0
128,Fintech,2018,47.9,0,0.0
129,Logistica,2018,587.4,0,0.0
130,Fintech,2020,141.6,0,0.0
131,Logistica,2019,170.4,0,0.0
132,Salud,2020,85.2,0,0.0
133,Educacion,2020,130.3,0,0.0
134,Retail,2018,95.8,0,0.0
135,Retail,2020,199.5,0,0.0
136,Fintech,2020,214.9,0,0.0
137,Retail,2019,214.2,1,0.22
138,Educacion,2018,92.6,0,0.0
139,Educacion,2018,162.3,0,0.0
140,Salud,2018,83.1,0,0.0
141,Salud,2020,334.4,0,0.0
142,Logistica,2020,243.0,0,0.0
143,Logistica,2019,282.8,0,0.0
144,Salud,2018,245.6,0,0.0
145,Retail,2018,94.1,0,0.0
146,Retail,2020,474.4,0,0.0
147,Educacion,2020,263.1,0,0.0
148,Educacion,2019,155.1,0,0.0
149,Retail,2020,218.9,0,0.0
150,Retail,2018,382.8,1,0.87
151,Retail,2018,295.3,0,0.0
152,Salud,2018,412.1,0,0.0
153,Salud,2019,291.3,0,0.0
154,Salud,2018,198.0,0,0.0
155,Logistica,2018,456.7,0,0.0
156,Salud,2018,131.5,0,0.0
157,Salud,2019,220.6,0,0.0
158,Fintech,2019,148.4,0,0.0
159,Educacion,2020,391.1,0,0.0
160,Educacion,2020,41.1,0,0.0
161,Educacion,2020,161.7,0,0.0
162,Fintech,2020,111.4,1,0.76
163,Logistica,2020,249.3,0,0.0
164,Educacion,2019,114.9,0,0.0
165,Salud,2019,65.0,0,0.0
166,Educacion,2018,107.4,0,0.0
167,Fintech,2020,148.2,0,0.0
168,Educacion,2019,272.3,0,0.0
169,Salud,2019,92.7,0,0.0
170,Logistica,2019,176.7,0,0.0
171,Retail,2019,215.3,0,0.0
172,Logistica,2020,210.0,0,0.0
173,Educacion,2018,80.7,0,0.0
174,Retail,2020,212.2,0,0.0
175,Logistica,2018,240.3,0,0.0
176,Retail,2018,146.7,0,0.0
177,Retail,2018,263.5,0,0.0
178,Retail,2018,403.8,1,2.11
179,Salud,2018,61.5,0,0.0
180,Salud,2018,54.5,0,0.0
181,Retail,2018,919.9,0,0.0
182,Retail,2018,211.6,0,0.0
183,Logistica,2018,91.0,0,0.0
184,Educacion,2019,246.7,0,0.0
185,Educacion,2020,229.8,0,0.0
186,Salud,2019,334.6,0,0.0
187,Retail,2020,204.2,0,0.0
188,Salud,2018,444.2,1,0.65
189,Logistica,2020,95.8,0,0.0
190,Logistica,2020,43.2,0,0.0
191,Educacion,2018,57.4,0,0.0
192,Retail,2019,91.9,1,0.13
193,Fintech,2020,62.3,1,0.13
194,Fintech,2020,244.9,0,0.0
195,Logistica,2019,227.1,0,0.0
196,Salud,2019,274.3,0,0.0
197,Salud,2020,136.4,0,0.0
198,Educacion,2019,108.0,1,0.17
199,Logistica,2019,178.6,0,0.0
200,Salud,2018,80.8,0,0.0
201,Fintech,2018,260.4,0,0.0
202,Retail,2020,256.2,0,0.0
203,Logistica,2019,268.5,0,0.0
204,Logistica,2020,240.7,1,0.68
205,Fintech,2020,312.6,0,0.0
206,Logistica,2018,90.7,0,0.0
207,Salud,2020,330.0,1,0.74
208,Retail,2018,128.0,0,0.0
209,Educacion,2018,88.6,1,0.15
210,Logistica,2020,493.0,1,0.39
211,Retail,2019,116.9,0,0.0
212,Retail,2020,77.5,0,0.0
213,Fintech,2018,431.6,0,0.0
214,Salud,2019,69.3,0,0.0
215,Logistica,2020,144.4,0,0.0
216,Logistica,2019,238.1,0,0.0
217,Logistica,2019,436.1,0,0.0
218,Educacion,2018,187.0,0,0.0
219,Fintech,2018,162.3,0,0.0
220,Retail,2019,207.2,0,0.0
221,Salud,2020,232.2,0,0.0
222,Educacion,2019,98.7,0,0.0
223,Retail,2018,98.9,0,0.0
224,Retail,2018,58.7,0,0.0
225,Fintech,2019,562.5,0,0.0
226,Salud,2019,177.0,0,0.0
227,Logistica,2018,90.7,0,0.0
228,Retail,2019,876.7,0,0.0
229,Retail,2020,197.0,0,0.0
230,Salud,2019,161.7,0,0.0
231,Educacion,2018,118.2,0,0.0
232,Logistica,2019,46.1,0,0.0
233,Educacion,2020,168.4,0,0.0
234,Educacion,2019,821.0,0,0.0
235,Fintech,2020,122.0,0,0.0
236,Retail,2019,131.1,0,0.0
237,Educacion,2018,52.3,0,0.0
238,Salud,2020,79.4,0,0.0
239,Retail,2018,170.0,0,0.0
240,Fintech,2018,346.7,0,0.0
241,Fintech,2020,223.0,0,0.0
242,Salud,2018,56.9,0,0.0
243,Retail,2018,309.7,0,0.0
244,Educacion,2019,173.8,1,0.75
245,Logistica,2018,194.1,0,0.0
246,Retail,2020,120.5,0,0.0
247,Retail,2020,350.3,0,0.0
248,Retail,2019,223.6,0,0.0
249,Salud,2018,222.3,1,0.78
250,Salud,2020,238.7,1,0.59
251,Salud,2019,111.6,0,0.0
252,Logistica,2018,123.9,0,0.0
253,Logistica,2018,196.0,0,0.0
254,Logistica,2019,246.0,0,0.0
255,Retail,2018,172.2,0,0.0
256,Educacion,2018,153.1,0,0.0
257,Fintech,2019,189.5,0,0.0
258,Salud,2019,131.8,0,0.0
259,Fintech,2019,301.3,0,0.0
260,Retail,2020,67.8,0,0.0
261,Educacion,2018,93.0,0,0.0
262,Educacion,2018,218.9,0,0.0
263,Fintech,2020,27.1,0,0.0
264,Salud,2019,185.0,0,0.0
265,Salud,2020,230.6,0,0.0
266,Fintech,2020,224.4,0,0.0
267,Logistica,2019,198.2,0,0.0
268,Logistica,2018,374.7,0,0.0
269,Educacion,2018,189.5,0,0.0
270,Logistica,2019,331.3,0,0.0
271,Fintech,2020,87.2,1,0.16
272,Retail,2020,233.0,0,0.0
273,Salud,2019,285.4,0,0.0
274,Salud,2018,168.2,0,0.0
275,Logistica,2018,423.3,0,0.0
276,Retail,2019,327.0,0,0.0
277,Logistica,2018,407.5,0,0.0
278,Educacion,2019,148.9,0,0.0
279,Salud,2020,63.5,1,0.05
280,Educacion,2020,90.0,0,0.0
281,Salud,2019,348.5,0,0.0
282,Fintech,2019,145.3,0,0.0
283,Educacion,2020,35.4,0,0.0
284,Logistica,2018,195.7,0,0.0
285,Salud,2020,95.5,0,0.0
286,Fintech,2019,170.8,0,0.0
287,Logistica,2020,38.1,0,0.0
288,Educacion,2019,12.3,0,0.0
289,Educacion,2019,61.2,0,0.0
290,Educacion,2019,446.4,0,0.0
291,Retail,2020,165.2,0,0.0
292,Fintech,2018,120.6,0,0.0
293,Logistica,2019,193.7,0,0.0
294,Salud,2019,152.5,0,0.0
295,Retail,2019,134.8,0,0.0
296,Educacion,2019,172.4,0,0.0
297,Educacion,2020,103.3,0,0.0
298,Fintech,2020,93.4,0,0.0
299,Retail,2019,618.6,0,0.0
300,Fintech,2019,366.1,0,0.0
301,Logistica,2019,110.6,0,0.0
302,Logistica,2018,554.1,0,0.0
303,Logistica,2018,116.9,0,0.0
304,Retail,2019,208.9,0,0.0
305,Logistica,2018,112.5,0,0.0
306,Educacion,2020,154.5,0,0.0
307,Salud,2018,113.3,0,0.0
308,Logistica,2019,390.3,0,0.0
309,Fintech,2020,49.6,0,0.0
310,Retail,2020,509.1,0,0.0
311,Retail,2020,302.2,0,0.0
312,Salud,2020,279.8,0,0.0
313,Educacion,2019,303.5,0,0.0
314,Salud,2020,376.4,0,0.0
315,Logistica,2018,136.1,1,0.66
316,Fintech,2020,163.2,0,0.0
317,Retail,2018,168.2,0,0.0
318,Retail,2020,40.9,0,0.0
319,Educacion,2018,130.4,0,0.0
320,Logistica,2019,548.4,1,1.64
321,Educacion,2018,247.7,0,0.0
322,Logistica,2019,201.5,0,0.0
323,Fintech,2019,274.8,0,0.0
324,Logistica,2018,212.7,0,0.0
325,Retail,2018,97.4,0,0.0
326,Retail,2018,160.2,0,0.0
327,Fintech,2020,219.5,0,0.0
328,Fintech,2018,515.0,0,0.0
329,Salud,2020,365.7,0,0.0
330,Educacion,2019,203.3,0,0.0
331,Salud,2020,150.4,0,0.0
332,Retail,2019,188.0,0,0.0
333,Salud,2020,224.2,1,0.55
334,Logistica,2020,293.2,0,0.0
335,Retail,2019,344.1,0,0.0
336,Educacion,2019,81.9,0,0.0
337,Educacion,2019,83.2,0,0.0
338,Salud,2019,258.7,0,0.0
339,Salud,2020,91.4,0,0.0
340,Salud,2020,225.1,0,0.0
341,Fintech,2019,120.6,0,0.0
342,Retail,2018,296.7,0,0.0
343,Retail,2019,163.1,0,0.0
344,Salud,2019,376.3,0,0.0
345,Fintech,2018,236.7,0,0.0
346,Salud,2019,341.5,0,0.0
347,Salud,2019,74.0,0,0.0
348,Educacion,2020,146.6,0,0.0
349,Logistica,2019,361.1,0,0.0
350,Retail,2019,52.9,0,0.0
351,Fintech,2020,129.2,0,0.0
352,Logistica,2019,203.4,0,0.0
353,Educacion,2018,96.3,0,0.0
354,Logistica,2018,108.8,1,0.29
355,Educacion,2020,112.2,0,0.0
356,Retail,2020,494.8,1,2.42
357,Educacion,2018,90.8,0,0.0
358,Educacion,2018,91.6,0,0.0
359,Fintech,2019,95.6,0,0.0
360,Retail,2020,260.3,0,0.0
361,Salud,2020,51.6,0,0.0
362,Retail,2019,108.4,0,0.0
363,Salud,2019,35.4,1,0.17
364,Logistica,2019,146.1,0,0.0
365,Logistica,2020,243.7,0,0.0
366,Logistica,2018,241.6,0,0.0
367,Fintech,2018,309.9,0,0.0
368,Fintech,2019,276.9,0,0.0
369,Educacion,2020,125.8,0,0.0
370,Fintech,2018,190.2,0,0.0
371,Salud,2018,285.8,0,0.0
372,Educacion,2019,468.8,0,0.0
373,Educacion,2020,201.5,0,0.0
374,Educacion,2018,131.9,0,0.0
375,Retail,2018,189.1,0,0.0
376,Retail,2020,156.3,0,0.0
377,Fintech,2018,259.9,0,0.0
378,Educacion,2019,361.2,0,0.0
379,Retail,2018,191.0,0,0.0
380,Fintech,2019,163.3,0,0.0
381,Logistica,2018,249.8,0,0.0
382,Educacion,2019,49.0,0,0.0
383,Salud,2018,153.9,0,0.0
384,Retail,2019,92.7,0,0.0
385,Retail,2020,141.2,0,0.0
386,Logistica,2018,376.9,0,0.0
387,Salud,2019,283.5,0,0.0
388,Educacion,2020,94.5,0,0.0
389,Salud,2020,333.3,0,0.0
390,Retail,2020,139.0,0,0.0
391,Logistica,2020,79.7,0,0.0
392,Fintech,2018,166.8,0,0.0
393,Educacion,2020,325.7,0,0.0
394,Fintech,2018,226.4,0,0.0
395,Educacion,2020,143.1,0,0.0
396,Logistica,2020,106.7,0,0.0
397,Educacion,2018,124.1,0,0.0
398,Logistica,2018,139.0,0,0.0
399,Fintech,2019,311.1,0,0.0
400,Retail,2018,121.9,0,0.0
401,Educacion,2018,167.6,0,0.0
402,Retail,2019,307.0,0,0.0
403,Retail,2018,239.6,0,0.0
404,Logistica,2019,301.2,1,0.96
405,Fintech,2019,179.0,0,0.0
406,Salud,2019,203.1,0,0.0
407,Educacion,2020,915.6,0,0.0
408,Logistica,2019,85.0,0,0.0
409,Fintech,2018,64.9,0,0.0
410,Retail,2020,330.7,0,0.0
411,Educacion,2020,100.0,0,0.0
412,Logistica,2019,337.9,1,2.62
413,Educacion,2019,159.4,0,0.0
414,Retail,2018,192.8,0,0.0
415,Logistica,2020,206.1,0,0.0
416,Salud,2020,164.0,1,1.15
417,Fintech,2019,203.3,0,0.0
418,Retail,2020,420.6,0,0.0
419,Salud,2019,148.0,0,0.0
420,Fintech,2020,110.8,0,0.0
421,Educacion,2018,722.7,0,0.0
422,Logistica,2019,124.6,0,0.0
423,Educacion,2018,246.8,0,0.0
424,Educacion,2018,105.6,0,0.0
425,Logistica,2019,156.8,0,0.0
426,Salud,2020,117.7,0,0.0
427,Educacion,2019,214.2,0,0.0
428,Retail,2020,279.9,0,0.0
429,Salud,2019,175.4,0,0.0
430,Educacion,2018,138.4,0,0.0
431,Educacion,2020,125.6,0,0.0
432,Educacion,2019,74.7,0,0.0
433,Retail,2018,138.4,0,0.0
434,Fintech,2019,341.9,0,0.0
435,Retail,2020,351.5,1,1.23
436,Fintech,2018,63.1,1,0.23
437,Logistica,2020,306.5,0,0.0
438,Logistica,2018,116.8,1,0.5
439,Logistica,2018,276.0,1,1.62
440,Educacion,2020,298.5,0,0.0
441,Logistica,2018,309.4,0,0.0
442,Retail,2019,104.5,0,0.0
443,Logistica,2018,76.7,1,0.32
444,Salud,2020,42.2,0,0.0
445,Fintech,2019,98.0,0,0.0
446,Logistica,2018,44.1,1,0.29
447,Salud,2018,434.8,0,0.0
448,Logistica,2018,326.1,0,0.0
449,Logistica,2019,187.2,0,0.0
450,Logistica,2020,85.0,0,0.0
451,Educacion,2019,215.3,0,0.0
452,Fintech,2018,131.0,0,0.0
453,Salud,2019,56.2,0,0.0
454,Retail,2019,173.3,0,0.0
455,Fintech,2018,107.2,0,0.0
456,Logistica,2019,67.3,0,0.0
457,Educacion,2020,345.9,0,0.0
458,Educacion,2018,71.1,0,0.0
459,Educacion,2020,286.4,1,0.56
460,Educacion,2018,207.9,1,0.09
461,Fintech,2020,204.0,0,0.0
462,Fintech,2018,101.3,0,0.0
463,Retail,2018,390.0,0,0.0
464,Retail,2019,112.0,0,0.0
465,Retail,2020,215.6,0,0.0
466,Educacion,2020,88.2,0,0.0
467,Salud,2019,82.2,0,0.0
468,Retail,2020,743.2,0,0.0
469,Logistica,2020,391.6,0,0.0
470,Fintech,2019,143.4,1,0.15
471,Logistica,2018,223.0,0,0.0
472,Educacion,2019,62.9,0,0.0
473,Retail,2018,193.7,0,0.0
474,Educacion,2019,67.4,0,0.0
475,Fintech,2019,58.9,0,0.0
476,Fintech,2019,668.2,0,0.0
477,Retail,2019,159.0,0,0.0
478,Fintech,2018,228.5,0,0.0
479,Salud,2020,91.9,0,0.0
480,Logistica,2018,195.5,0,0.0
481,Educacion,2020,103.1,1,0.3
482,Educacion,2020,176.6,0,0.0
483,Educacion,2018,376.3,0,0.0
484,Fintech,2020,594.9,0,0.0
485,Retail,2020,390.1,0,0.0
486,Salud,2020,181.5,0,0.0
487,Salud,2020,859.4,0,0.0
488,Fintech,2020,264.8,0,0.0
489,Fintech,2018,84.7,0,0.0
490,Logistica,2019,98.0,0,0.0
491,Educacion,2018,30.3,0,0.0
492,Logistica,2019,255.4,0,0.0
493,Educacion,2018,246.8,0,0.0
494,Logistica,2018,102.0,0,0.0
495,Logistica,2020,33.5,0,0.0
496,Salud,2020,60.4,0,0.0
497,Retail,2020,100.6,0,0.0
498,Educacion,2020,194.5,0,0.0
499,Salud,2020,127.0,0,0.0
500,Fintech,2020,209.4,0,0.0
501,Educacion,2018,126.4,0,0.0
502,Logistica,2018,208.7,0,0.0
503,Logistica,2020,148.5,0,0.0
504,Retail,2020,369.6,0,0.0
505,Fintech,2018,56.5,0,0.0
506,Educacion,2020,292.9,0,0.0
507,Logistica,2018,308.6,0,0.0
508,Educacion,2019,266.6,0,0.0
509,Educacion,2020,144.2,0,0.0
510,Retail,2018,204.9,0,0.0
511,Educacion,2018,298.6,0,0.0
512,Retail,2020,85.4,0,0.0
513,Educacion,2019,84.3,0,0.0
514,Logistica,2018,325.5,0,0.0
515,Retail,2020,289.7,0,0.0
516,Retail,2018,142.6,0,0.0
517,Logistica,2020,82.7,0,0.0
518,Educacion,2018,46.8,0,0.0
519,Retail,2019,277.3,0,0.0
520,Retail,2020,224.2,0,0.0
521,Retail,2018,265.7,0,0.0
522,Retail,2019,435.0,0,0.0
523,Fintech,2019,605.8,0,0.0
524,Salud,2018,108.1,0,0.0
525,Fintech,2019,117.3,0,0.0
526,Salud,2018,442.1,0,0.0
527,Educacion,2020,252.0,0,0.0
528,Logistica,2018,34.5,0,0.0
529,Logistica,2020,874.1,0,0.0
530,Fintech,2018,42.1,0,0.0
531,Educacion,2020,375.9,0,0.0
532,Logistica,2019,93.7,0,0.0
533,Retail,2019,163.9,0,0.0
534,Logistica,2019,194.0,0,0.0
535,Fintech,2019,96.1,0,0.0
536,Logistica,2020,742.9,1,0.95
537,Educacion,2018,622.6,0,0.0
538,Salud,2018,294.0,0,0.0
539,Fintech,2019,66.0,0,0.0
540,Fintech,2020,37.7,0,0.0
541,Retail,2020,175.6,1,0.63
542,Retail,2018,136.9,0,0.0
543,Logistica,2019,105.8,0,0.0
544,Retail,2020,202.8,0,0.0
545,Fintech,2020,189.4,0,0.0
546,Salud,2018,184.0,0,0.0
547,Fintech,2018,49.3,0,0.0
548,Fintech,2020,124.6,0,0.0
549,Educacion,2018,411.5,0,0.0
550,Logistica,2020,83.2,0,0.0
551,Retail,2020,51.2,0,0.0
552,Logistica,2019,72.8,0,0.0
553,Retail,2019,383.3,0,0.0
554,Salud,2018,198.2,0,0.0
555,Salud,2020,239.3,0,0.0
556,Logistica,2020,119.6,1,0.78
557,Educacion,2019,96.6,0,0.0
558,Educacion,2020,322.7,1,1.03
559,Educacion,2020,549.5,0,0.0
560,Fintech,2019,353.9,0,0.0
561,Retail,2018,358.0,0,0.0
562,Retail,2020,86.1,0,0.0
563,Retail,2018,57.0,0,0.0
564,Educacion,2020,515.2,0,0.0
565,Logistica,2020,150.0,0,0.0
566,Fintech,2019,168.8,0,0.0
567,Logistica,2020,265.0,0,0.0
568,Educacion,2019,528.7,0,0.0
569,Salud,2020,48.3,0,0.0
570,Salud,2018,104.2,0,0.0
571,Logistica,2020,368.8,0,0.0
572,Fintech,2020,801.0,0,0.0
573,Educacion,2018,510.2,0,0.0
574,Retail,2020,620.7,1,1.64
575,Fintech,2020,82.5,0,0.0
576,Fintech,2020,858.8,1,5.81
577,Fintech,2019,371.9,0,0.0
578,Logistica,2020,198.4,0,0.0
579,Retail,2020,257.6,0,0.0
580,Retail,2019,761.8,0,0.0
581,Fintech,2019,126.0,0,0.0
582,Salud,2019,377.7,0,0.0
583,Logistica,2019,307.1,0,0.0
584,Educacion,2019,83.6,1,0.43
585,Fintech,2020,91.9,0,0.0
586,Retail,2018,110.9,0,0.0
587,Salud,2018,383.2,0,0.0
588,Salud,2018,147.3,0,0.0
589,Salud,2018,204.5,0,0.0
590,Educacion,2020,69.4,0,0.0
591,Educacion,2018,103.4,0,0.0
592,Salud,2018,277.0,0,0.0
593,Retail,2019,511.5,1,1.33
594,Salud,2020,490.6,0,0.0
595,Retail,2020,289.0,0,0.0
596,Logistica,2018,127.6,0,0.0
597,Salud,2018,147.4,0,0.0
598,Retail,2019,161.4,0,0.0
599,Retail,2019,90.6,0,0.0
600,Fintech,2020,216.3,0,0.0
601,Retail,2020,36.5,0,0.0
602,Logistica,2018,332.8,0,0.0
603,Logistica,2019,721.0,0,0.0
604,Logistica,2018,128.5,0,0.0
605,Logistica,2019,165.2,1,1.07
606,Logistica,2020,270.6,1,0.4
607,Logistica,2020,627.6,0,0.0
608,Fintech,2020,238.9,0,0.0
609,Salud,2018,47.8,1,0.29
610,Salud,2019,944.8,0,0.0
611,Fintech,2019,360.2,0,0.0
612,Fintech,2019,150.2,0,0.0
613,Salud,2020,253.0,0,0.0
614,Retail,2019,280.4,1,3.14
615,Fintech,2020,415.2,0,0.0
616,Salud,2019,207.9,0,0.0
617,Educacion,2018,73.2,0,0.0
618,Fintech,2019,200.5,0,0.0
619,Logistica,2019,248.8,0,0.0
620,Retail,2019,163.4,0,0.0
621,Educacion,2020,90.6,0,0.0
622,Logistica,2020,245.9,0,0.0
623,Salud,2020,68.2,0,0.0
624,Logistica,2018,402.7,1,0.67
625,Fintech,2019,178.9,0,0.0
626,Salud,2018,215.2,0,0.0
627,Retail,2020,149.8,0,0.0
628,Fintech,2018,145.2,0,0.0
629,Fintech,2018,128.0,0,0.0
630,Retail,2020,340.7,0,0.0
631,Logistica,2018,167.1,0,0.0
632,Salud,2018,179.8,0,0.0
633,Educacion,2018,130.2,0,0.0
634,Retail,2018,103.8,0,0.0
635,Salud,2019,411.7,0,0.0
636,Fintech,2018,291.8,0,0.0
637,Fintech,2020,236.8,0,0.0
638,Fintech,2018,117.2,0,0.0
639,Fintech,2018,288.3,1,0.61
640,Retail,2020,209.8,1,1.28
641,Salud,2020,160.2,0,0.0
642,Fintech,2020,190.3,0,0.0
643,Educacion,2019,324.1,0,0.0
644,Salud,2020,518.2,0,0.0
645,Educacion,2019,124.2,0,0.0
646,Logistica,2018,61.7,0,0.0
647,Logistica,2019,172.9,1,1.29
648,Retail,2020,196.6,0,0.0
649,Salud,2019,282.9,0,0.0
650,Logistica,2020,150.5,0,0.0
651,Educacion,2018,190.5,0,0.0
652,Salud,2020,99.7,0,0.0
653,Salud,2019,297.6,0,0.0
654,Educacion,2020,156.2,0,0.0
655,Retail,2019,103.1,0,0.0
656,Salud,2019,89.1,0,0.0
657,Retail,2018,187.7,0,0.0
658,Salud,2019,62.6,0,0.0
659,Fintech,2019,414.3,0,0.0
660,Salud,2020,221.2,0,0.0
661,Fintech,2019,231.7,0,0.0
662,Educacion,2018,319.4,0,0.0
663,Salud,2019,240.6,0,0.0
664,Fintech,2020,344.1,0,0.0
665,Logistica,2018,218.7,0,0.0
666,Logistica,2019,88.2,0,0.0
667,Retail,2020,89.4,1,0.24
668,Salud,2020,230.3,0,0.0
669,Logistica,2018,205.9,0,0.0
670,Salud,2020,378.3,0,0.0
671,Retail,2020,217.0,0,0.0
672,Salud,2018,242.6,1,0.41
673,Logistica,2020,148.1,0,0.0
674,Logistica,2018,356.4,0,0.0
675,Salud,2020,245.9,0,0.0
676,Fintech,2019,162.1,0,0.0
677,Fintech,2020,113.2,0,0.0
678,Educacion,2020,168.4,0,0.0
679,Retail,2019,403.2,0,0.0
680,Educacion,2019,144.4,0,0.0
681,Salud,2020,175.5,0,0.0
682,Logistica,2020,123.8,0,0.0
683,Salud,2020,369.3,0,0.0
684,Educacion,2019,146.0,0,0.0
685,Fintech,2018,154.1,1,0.25
686,Retail,2018,653.7,0,0.0
687,Logistica,2019,183.0,0,0.0
688,Salud,2019,239.1,0,0.0
689,Logistica,2019,139.5,0,0.0
690,Logistica,2020,653.9,0,0.0
691,Salud,2020,141.8,0,0.0
692,Salud,2019,357.6,0,0.0
693,Educacion,2018,211.6,0,0.0
694,Retail,2019,169.2,0,0.0
695,Educacion,2020,520.0,0,0.0
696,Retail,2020,460.9,0,0.0
697,Logistica,2019,76.1,1,0.15
698,Fintech,2020,116.3,0,0.0
699,Educacion,2019,91.7,1,1.05
700,Retail,2020,238.4,0,0.0
701,Fintech,2019,909.2,0,0.0
702,Retail,2019,281.3,0,0.0
703,Salud,2019,115.9,0,0.0
704,Fintech,2019,91.5,0,0.0
705,Fintech,2020,142.3,0,0.0
706,Retail,2020,122.9,0,0.0
707,Salud,2018,1113.5,0,0.0
708,Fintech,2018,51.8,0,0.0
709,Fintech,2019,109.3,0,0.0
710,Fintech,2019,194.3,0,0.0
711,Logistica,2019,185.9,0,0.0
712,Retail,2019,574.0,0,0.0
713,Retail,2018,235.5,0,0.0
714,Educacion,2018,264.1,1,0.76
715,Fintech,2020,87.2,0,0.0
716,Educacion,2018,347.8,0,0.0
717,Salud,2019,253.3,1,1.42
718,Fintech,2020,422.1,0,0.0
719,Salud,2019,462.7,0,0.0
720,Salud,2018,341.8,1,0.35
721,Salud,2020,239.6,0,0.0
722,Educacion,2020,106.9,0,0.0
723,Educacion,2020,293.5,0,0.0
724,Logistica,2018,113.8,0,0.0
725,Logistica,2018,108.3,0,0.0
726,Educacion,2018,64.3,1,0.16
727,Salud,2020,84.8,0,0.0
728,Fintech,2019,69.5,0,0.0
729,Retail,2020,137.1,0,0.0
730,Retail,2019,60.4,0,0.0
731,Fintech,2019,247.8,0,0.0
732,Logistica,2018,440.3,0,0.0
733,Educacion,2019,146.5,0,0.0
734,Retail,2018,141.9,0,0.0
735,Retail,2018,438.5,0,0.0
736,Fintech,2020,121.4,1,0.58
737,Retail,2019,62.0,0,0.0
738,Fintech,2019,292.9,0,0.0
739,Logistica,2019,85.4,0,0.0
740,Retail,2018,104.5,0,0.0
741,Retail,2018,275.8,0,0.0
742,Retail,2019,498.8,0,0.0
743,Logistica,2018,196.1,0,0.0
744,Salud,2019,236.9,0,0.0
745,Fintech,2018,171.3,0,0.0
746,Retail,2019,126.8,0,0.0
747,Salud,2019,132.8,0,0.0
748,Educacion,2020,161.1,0,0.0
749,Retail,2019,464.6,0,0.0
750,Salud,2018,116.3,0,0.0
751,Salud,2019,74.2,0,0.0
752,Salud,2020,233.2,1,1.01
753,Logistica,2019,174.2,0,0.0
754,Educacion,2018,551.5,1,0.73
755,Fintech,2018,124.5,1,0.62
756,Logistica,2018,157.8,0,0.0
757,Educacion,2019,210.8,0,0.0
758,Educacion,2018,279.5,0,0.0
759,Logistica,2019,163.6,0,0.0
760,Retail,2020,148.1,0,0.0
761,Logistica,2019,180.3,0,0.0
762,Educacion,2018,178.4,1,0.53
763,Educacion,2020,57.3,0,0.0
764,Retail,2018,407.4,1,3.47
765,Logistica,2019,79.9,1,0.16
766,Salud,2019,371.0,1,2.22
767,Retail,2020,195.0,1,0.25
768,Fintech,2018,282.0,0,0.0
769,Fintech,2020,114.9,0,0.0
770,Salud,2018,136.8,0,0.0
771,Retail,2018,270.2,0,0.0
772,Educacion,2018,487.6,0,0.0
773,Educacion,2019,43.8,0,0.0
774,Salud,2018,65.3,1,1.55
775,Educacion,2020,201.3,0,0.0
776,Fintech,2018,239.7,0,0.0
777,Educacion,2019,438.6,0,0.0
778,Fintech,2020,149.2,0,0.0
779,Educacion,2018,101.4,0,0.0
780,Logistica,2018,233.8,0,0.0
781,Logistica,2020,183.3,0,0.0
782,Retail,2019,453.6,0,0.0
783,Educacion,2020,246.2,0,0.0
784,Retail,2020,132.4,0,0.0
785,Logistica,2019,173.9,1,0.49
786,Logistica,2019,633.7,0,0.0
787,Educacion,2020,231.3,0,0.0
788,Educacion,2018,133.2,0,0.0
789,Retail,2019,233.6,0,0.0
790,Logistica,2018,431.7,0,0.0
791,Logistica,2019,668.3,0,0.0
792,Fintech,2020,327.3,0,0.0
793,Retail,2019,137.4,0,0.0
794,Logistica,2020,167.5,0,0.0
795,Salud,2020,108.3,0,0.0
796,Educacion,2018,382.1,0,0.0
797,Salud,2019,45.6,0,0.0
798,Salud,2018,188.0,0,0.0
799,Retail,2019,78.8,1,0.27
800,Fintech,2018,158.8,0,0.0
801,Retail,2020,22.7,0,0.0
802,Salud,2020,236.8,0,0.0
803,Salud,2018,193.4,1,2.84
804,Educacion,2019,129.5,0,0.0
805,Educacion,2020,51.3,0,0.0
806,Salud,2020,216.0,1,1.36
807,Logistica,2019,215.9,0,0.0
808,Salud,2018,98.0,0,0.0
809,Educacion,2018,118.3,0,0.0
810,Fintech,2018,248.7,0,0.0
811,Fintech,2019,68.5,0,0.0
812,Logistica,2018,165.7,0,0.0
813,Educacion,2018,232.1,0,0.0
814,Fintech,2018,152.1,0,0.0
815,Logistica,2018,94.7,0,0.0
816,Salud,2019,236.8,0,0.0
817,Logistica,2020,54.5,0,0.0
818,Retail,2019,106.9,0,0.0
819,Retail,2019,147.1,0,0.0
820,Retail,2020,55.2,0,0.0
821,Logistica,2019,145.2,0,0.0
822,Retail,2020,286.3,0,0.0
823,Salud,2019,267.2,0,0.0
824,Retail,2019,538.4,1,2.31
825,Logistica,2019,27.4,0,0.0
826,Retail,2018,134.5,0,0.0
827,Salud,2018,141.7,0,0.0
828,Educacion,2020,218.9,0,0.0
829,Salud,2020,81.8,0,0.0
830,Salud,2018,284.5,0,0.0
831,Retail,2019,129.5,1,0.66
832,Salud,2019,72.7,0,0.0
833,Retail,2018,119.2,0,0.0
834,Logistica,2018,384.4,0,0.0
835,Logistica,2018,233.2,0,0.0
836,Educacion,2020,166.7,1,0.18
837,Fintech,2020,91.1,0,0.0
838,Logistica,2018,215.4,1,1.49
839,Retail,2019,241.6,0,0.0
840,Educacion,2018,200.1,0,0.0
841,Logistica,2019,78.5,0,0.0
842,Retail,2019,136.7,0,0.0
843,Logistica,2018,150.1,0,0.0
844,Retail,2018,234.1,0,0.0
845,Salud,2018,255.6,0,0.0
846,Fintech,2018,176.4,0,0.0
847,Educacion,2019,201.3,0,0.0
848,Logistica,2019,90.8,0,0.0
849,Educacion,2020,200.1,0,0.0
850,Retail,2020,108.8,0,0.0
851,Fintech,2020,463.3,0,0.0
852,Educacion,2020,234.1,0,0.0
853,Logistica,2019,130.7,0,0.0
854,Fintech,2020,41.8,0,0.0
855,Retail,2020,77.9,0,0.0
856,Educacion,2018,158.8,0,0.0
857,Educacion,2018,192.0,0,0.0
858,Salud,2020,338.1,0,0.0
859,Fintech,2020,58.5,0,0.0
860,Educacion,2018,968.3,0,0.0
861,Logistica,2020,381.9,0,0.0
862,Educacion,2018,102.9,0,0.0
863,Logistica,2020,203.9,0,0.0
864,Retail,2018,196.9,0,0.0
865,Retail,2019,367.5,0,0.0
866,Fintech,2018,388.2,0,0.0
867,Fintech,2018,334.8,0,0.0
868,Fintech,2018,214.6,0,0.0
869,Retail,2020,365.1,0,0.0
870,Fintech,2018,127.1,0,0.0
871,Retail,2019,63.4,0,0.0
872,Educacion,2020,85.5,0,0.0
873,Salud,2019,209.3,0,0.0
874,Educacion,2018,204.0,0,0.0
875,Fintech,2020,322.9,0,0.0
876,Educacion,2019,100.7,0,0.0
877,Educacion,2020,514.4,1,0.6
878,Retail,2020,328.0,0,0.0
879,Fintech,2020,627.1,1,1.48
880,Fintech,2019,192.7,0,0.0
881,Educacion,2020,443.3,0,0.0
882,Fintech,2020,470.3,0,0.0
883,Educacion,2018,240.0,0,0.0
884,Logistica,2018,232.4,1,3.81
885,Logistica,2020,167.3,0,0.0
886,Retail,2018,67.9,0,0.0
887,Educacion,2020,61.7,0,0.0
888,Logistica,2018,155.0,0,0.0
889,Salud,2020,99.3,0,0.0
890,Logistica,2019,152.8,0,0.0
891,Retail,2018,464.2,0,0.0
892,Salud,2018,110.0,0,0.0
893,Salud,2020,172.2,0,0.0
894,Fintech,2020,258.3,0,0.0
895,Retail,2020,103.9,0,0.0
896,Educacion,2018,262.7,0,0.0
897,Educacion,2019,258.5,0,0.0
898,Logistica,2018,89.8,1,0.15
899,Salud,2020,271.8,0,0.0
900,Fintech,2019,112.1,0,0.0
901,Fintech,2020,212.7,0,0.0
902,Educacion,2019,75.7,0,0.0
903,Logistica,2018,101.3,0,0.0
904,Fintech,2020,249.6,0,0.0
905,Fintech,2019,49.9,0,0.0
906,Educacion,2019,170.5,0,0.0
907,Fintech,2020,217.3,0,0.0
908,Salud,2019,66.3,0,0.0
909,Retail,2019,795.9,0,0.0
910,Fintech,2018,135.4,0,0.0
911,Fintech,2020,184.2,0,0.0
912,Retail,2019,162.4,0,0.0
913,Educacion,2020,120.8,0,0.0
914,Salud,2019,654.1,0,0.0
915,Educacion,2020,95.7,0,0.0
916,Salud,2018,172.2,0,0.0
917,Logistica,2019,392.5,0,0.0
918,Fintech,2019,73.5,0,0.0
919,Fintech,2019,120.2,0,0.0
920,Educacion,2019,242.7,0,0.0
921,Fintech,2018,136.2,0,0.0
922,Salud,2018,62.9,0,0.0
923,Retail,2019,117.5,0,0.0
924,Retail,2020,267.5,0,0.0
925,Fintech,2018,234.9,0,0.0
926,Educacion,2019,389.8,0,0.0
927,Educacion,2020,56.9,0,0.0
928,Salud,2019,472.1,0,0.0
929,Retail,2019,229.2,0,0.0
930,Fintech,2018,156.2,0,0.0
931,Educacion,2019,91.3,1,0.32
932,Educacion,2020,127.3,0,0.0
933,Logistica,2019,173.8,0,0.0
934,Logistica,2019,122.2,0,0.0
935,Educacion,2018,414.8,1,1.22
936,Logistica,2018,225.1,0,0.0
937,Logistica,2020,209.0,0,0.0
938,Retail,2018,105.2,0,0.0
939,Salud,2019,155.0,0,0.0
940,Logistica,2019,111.7,0,0.0
941,Logistica,2020,59.4,0,0.0
942,Retail,2020,344.6,0,0.0
943,Fintech,2020,473.8,0,0.0
944,Retail,2018,201.5,0,0.0
945,Logistica,2019,327.1,0,0.0
946,Fintech,2018,81.3,0,0.0
947,Fintech,2019,88.3,0,0.0
948,Fintech,2019,324.4,0,0.0
949,Fintech,2019,289.5,0,0.0
950,Salud,2020,171.1,0,0.0
951,Fintech,2020,188.5,0,0.0
952,Educacion,2020,204.8,0,0.0
953,Fintech,2018,360.6,0,0.0
954,Fintech,2020,152.7,0,0.0
955,Retail,2020,107.8,1,0.83
956,Logistica,2018,133.7,0,0.0
957,Retail,2019,130.8,1,0.14
958,Fintech,2020,193.3,0,0.0
959,Educacion,2018,136.9,0,0.0
960,Salud,2019,637.7,0,0.0
961,Retail,2018,500.7,0,0.0
962,Salud,2018,186.9,0,0.0
963,Educacion,2018,230.3,0,0.0
964,Retail,2018,292.1,0,0.0
965,Salud,2019,91.2,0,0.0
966,Retail,2020,185.5,0,0.0
967,Retail,2018,120.5,1,0.36
968,Salud,2018,283.2,0,0.0
969,Educacion,2018,205.2,0,0.0
970,Fintech,2018,141.2,0,0.0
971,Educacion,2020,273.5,0,0.0
972,Fintech,2020,171.8,0,0.0
973,Fintech,2020,124.8,1,1.23
974,Retail,2018,237.1,0,0.0
975,Logistica,2019,145.1,0,0.0
976,Fintech,2019,133.1,0,0.0
977,Salud,2018,237.2,0,0.0
978,Logistica,2019,46.8,0,0.0
979,Educacion,2019,291.3,0,0.0
980,Logistica,2018,172.4,1,0.88
981,Retail,2020,250.6,0,0.0
982,Salud,2019,748.2,0,0.0
983,Logistica,2019,87.5,0,0.0
984,Salud,2020,217.3,0,0.0
985,Fintech,2020,187.5,0,0.0
986,Retail,2018,70.3,0,0.0
987,Logistica,2020,254.9,0,0.0
988,Educacion,2020,221.7,0,0.0
989,Logistica,2019,203.5,0,0.0
990,Retail,2019,251.8,0,0.0
991,Logistica,2019,610.5,0,0.0
992,Salud,2019,370.2,0,0.0
993,Logistica,2019,251.6,0,0.0
994,Educacion,2018,277.5,0,0.0
995,Fintech,2020,276.4,0,0.0
996,Logistica,2020,214.9,0,0.0
997,Educacion,2020,442.0,0,0.0
998,Educacion,2018,79.3,0,0.0
999,Logistica,2018,261.6,0,0.0
1000,Fintech,2018,124.6,0,0.0
